{
  "main": {
    "id": "00266150dafdf16f",
    "type": "split",
    "children": [
      {
        "id": "c74c650a14515b30",
        "type": "tabs",
        "children": [
          {
            "id": "fa184635eb47837a",
            "type": "leaf",
            "state": {
              "type": "markdown",
              "state": {
                "file": "Entreprise/Alternance Orlando.md",
                "mode": "source",
                "source": false
              }
            }
          }
        ]
      }
    ],
    "direction": "vertical"
  },
  "left": {
    "id": "cbb3d9b461aad2a1",
    "type": "split",
    "children": [
      {
        "id": "c37b8dbff9e326e4",
        "type": "tabs",
        "children": [
          {
            "id": "132e767af343dc73",
            "type": "leaf",
            "state": {
              "type": "file-explorer",
              "state": {
                "sortOrder": "alphabetical"
              }
            }
          },
          {
            "id": "1096cbf985df219a",
            "type": "leaf",
            "state": {
              "type": "search",
              "state": {
                "query": "",
                "matchingCase": false,
                "explainSearch": false,
                "collapseAll": false,
                "extraContext": false,
                "sortOrder": "alphabetical"
              }
            }
          },
          {
            "id": "be2bf3cc2db8367d",
            "type": "leaf",
            "state": {
              "type": "bookmarks",
              "state": {}
            }
          }
        ]
      }
    ],
    "direction": "horizontal",
    "width": 300
  },
  "right": {
    "id": "023a07146f564576",
    "type": "split",
    "children": [
      {
        "id": "786a9b1b47a75086",
        "type": "tabs",
        "children": [
          {
            "id": "45e256f5488cc235",
            "type": "leaf",
            "state": {
              "type": "backlink",
              "state": {
                "file": "Entreprise/Alternance Orlando.md",
                "collapseAll": false,
                "extraContext": false,
                "sortOrder": "alphabetical",
                "showSearch": false,
                "searchQuery": "",
                "backlinkCollapsed": false,
                "unlinkedCollapsed": true
              }
            }
          },
          {
            "id": "3aede4548fcbce06",
            "type": "leaf",
            "state": {
              "type": "outgoing-link",
              "state": {
                "file": "Entreprise/Alternance Orlando.md",
                "linksCollapsed": false,
                "unlinkedCollapsed": true
              }
            }
          },
          {
            "id": "975593f0f3b7bae1",
            "type": "leaf",
            "state": {
              "type": "tag",
              "state": {
                "sortOrder": "frequency",
                "useHierarchy": true
              }
            }
          },
          {
            "id": "2448f4026304e5e0",
            "type": "leaf",
            "state": {
              "type": "outline",
              "state": {
                "file": "Entreprise/Alternance Orlando.md"
              }
            }
          }
        ]
      }
    ],
    "direction": "horizontal",
    "width": 300,
    "collapsed": true
  },
  "left-ribbon": {
    "hiddenItems": {
      "switcher:Open quick switcher": false,
      "graph:Open graph view": false,
      "canvas:Create new canvas": false,
      "daily-notes:Open today's daily note": false,
      "templates:Insert template": false,
      "command-palette:Open command palette": false,
      "audio-recorder:Start/stop recording": false,
      "markdown-importer:Open format converter": false
    }
  },
  "active": "fa184635eb47837a",
  "lastOpenFiles": [
    "Entreprise/Notes S1000D.md",
    "Images/Untitled.png",
    "Images/Untitled 1.png",
    "Perso/Recherche de travail.md",
    "Technique/Elasticsearch.md",
    "2023-06-11.md",
    "Entreprise/Alternance Orlando.md",
    "Technique",
    "Perso",
    "Entreprise",
    "Images/pert.drawio(1).png",
    "Untitled.canvas",
    "Notes S1000D 3d84c865205441259c6f655f6486e9e4/Untitled.png.md",
    "Notes S1000D 3d84c865205441259c6f655f6486e9e4/Untitled 1.png.md",
    "Images",
    "Notes S1000D 3d84c865205441259c6f655f6486e9e4"
  ]
}